﻿Number;Question;Option1;Option2;Option3;Option4;Answer
1;HTML е съкращение за;HyperText Markdown Language;HyperText Markup Language;HighText Markup Language;HighlightText Markdown Language;2
2;CSS е съкращение за;Cascading Scandalous Sheets;Collapsing Style Sheets;Cascading Style Sheets;Cascading Stylistic Sheets;3
3;JS e съкращение за;Java;JavaScript;Jar Jar Binks;JavaSnake;2
4;HTTPS е съкращение за;Hypertext Transfer Protocol unSecure;Hypertext Transfer Protocol Secure;Hyper Transfer Protocol Secure;Hypertext Transfer Protocol;2
5;FTP е съкращение за;File Transfer Protocol;File Transfering Protocol;Fixed Transfer Protocol;File Transfering Proxy;1
6;CD е съкращение за;Compactable disc;Compact disc;Compressable disc;Digital Versatile Disk;2
7;FTP е съкращение за;File Transfer Protocol;File Transfering Protocol;Fixed Transfer Protocol;File Transfering Proxy;1
8;CD е съкращение за;Compactable disc;Compact disc;Compressable disc;Digital Versatile Disk;2
9;HTTPS е съкращение за;Hypertext Transfer Protocol unSecure;Hypertext Transfer Protocol Secure;Hyper Transfer Protocol Secure;Hypertext Transfer Protocol;2