﻿Number;Question;Option1;Option2;Option3;Option4;Answer
1;Въпрос  първи;Отговор първи;Отговор втори;Отговор трети;Отговор четвърти;1
2;Въпрос  втори;Отговор първи;Отговор втори;Отговор трети;Отговор четвърти;3
3;Въпрос трети;Отговор първи;Отговор втори;Отговор трети;Отговор четвърти;4
4;Въпрос четвърти;Отговор първи;Отговор втори;Отговор трети;Отговор четвърти;2
5;Въпрос пети;Отговор първи;Отговор втори;Отговор трети;Отговор четвърти;1
6;Въпрос шести;Отговор първи;Отговор втори;Отговор трети;Отговор четвърти;2